{"cameraMode":{"drawMode":0,"name":"Shaded","section":"Shading Mode"},"sceneLighting":false,"audioPlay":false,"sceneViewState":{"showFog":true,"showMaterialUpdate":true,"showSkybox":false,"showFlares":true,"showImageEffects":true,"showParticleSystems":true},"in2DMode":false,"pivot":{"x":5.960464477539063e-8,"y":1.4000024795532227,"z":-1.1920928955078126e-7},"rotation":{"x":-0.1563384085893631,"y":-0.5370743274688721,"z":0.10206905752420426,"w":-0.8226125240325928},"size":5.4637250900268559,"orthographic":false}