{"cameraMode":{"drawMode":0,"name":"Shaded","section":"Shading Mode"},"sceneLighting":true,"audioPlay":false,"sceneViewState":{"showFog":true,"showMaterialUpdate":true,"showSkybox":true,"showFlares":true,"showImageEffects":true,"showParticleSystems":true},"in2DMode":false,"pivot":{"x":0.05287909507751465,"y":0.9497485160827637,"z":0.09022235870361328},"rotation":{"x":-0.1563384085893631,"y":-0.5370743274688721,"z":0.10206905752420426,"w":-0.8226125240325928},"size":8.736292839050293,"orthographic":false}